<?xml version="1.0" encoding="UTF-8"?>
<project-private xmlns="http://www.netbeans.org/ns/project-private/1">
    <editor-bookmarks xmlns="http://www.netbeans.org/ns/editor-bookmarks/1"/>
    <editor-bookmarks xmlns="http://www.netbeans.org/ns/editor-bookmarks/2" lastBookmarkId="0"/>
    <open-files xmlns="http://www.netbeans.org/ns/projectui-open-files/2">
        <group>
            <file>file:/Users/kartik/Downloads/Stock-Management-system-master/src/Search.java</file>
            <file>file:/Users/kartik/Downloads/Stock-Management-system-master/src/Display_Purchase.java</file>
            <file>file:/Users/kartik/Downloads/Stock-Management-system-master/src/Inventory.java</file>
            <file>file:/Users/kartik/Downloads/Stock-Management-system-master/src/Row.java</file>
        </group>
    </open-files>
</project-private>
